{
  "per_feature": {
    "root_visible": {
      "obs_within": 0.62385707674268,
      "obs_between": 0.5945501716802595,
      "obs_effect": -0.029306905062420507,
      "null_mean": -0.0016512557122793973,
      "null_std": 0.04249580770627702,
      "p_value": 0.702,
      "n_present": 37,
      "n_absent": 3,
      "effect_z": -0.650785356082457
    },
    "root_bulbous": {
      "obs_within": 0.6641346789032022,
      "obs_between": 0.6333647061775193,
      "obs_effect": -0.030769972725682937,
      "null_mean": -4.224041525236943e-05,
      "null_std": 0.02952938226985046,
      "p_value": 0.866,
      "n_present": 9,
      "n_absent": 31,
      "effect_z": -1.0405816156135317
    },
    "root_fibrous": {
      "obs_within": 0.618023690341861,
      "obs_between": 0.6240433642570481,
      "obs_effect": 0.006019673915187096,
      "null_mean": -0.0005213831658854761,
      "null_std": 0.023476649389153722,
      "p_value": 0.336,
      "n_present": 26,
      "n_absent": 14,
      "effect_z": 0.2786197030354152
    },
    "leaf_serrated": {
      "obs_within": 0.6678399701321616,
      "obs_between": 0.6285909277687157,
      "obs_effect": -0.03924904236344584,
      "null_mean": -0.0009607504198969781,
      "null_std": 0.023620691255024164,
      "p_value": 0.975,
      "n_present": 16,
      "n_absent": 24,
      "effect_z": -1.6209640746819751
    },
    "leaf_lobed": {
      "obs_within": 0.6360975821730617,
      "obs_between": 0.6209219684771791,
      "obs_effect": -0.015175613695882606,
      "null_mean": -0.0009627658853325392,
      "null_std": 0.02283989796991667,
      "p_value": 0.724,
      "n_present": 18,
      "n_absent": 22,
      "effect_z": -0.6222815806476181
    },
    "leaf_smooth": {
      "obs_within": 0.6039579117526497,
      "obs_between": 0.6167589852439278,
      "obs_effect": 0.012801073491278125,
      "null_mean": -0.0010669888637848044,
      "null_std": 0.02324824972158808,
      "p_value": 0.237,
      "n_present": 17,
      "n_absent": 23,
      "effect_z": 0.596520706768957
    },
    "leaf_compound": {
      "obs_within": 0.6515906031712718,
      "obs_between": 0.6263697152399792,
      "obs_effect": -0.025220887931292624,
      "null_mean": -0.00014080624398073405,
      "null_std": 0.038941351736853404,
      "p_value": 0.723,
      "n_present": 6,
      "n_absent": 34,
      "effect_z": -0.6440475373528584
    },
    "flower_visible": {
      "obs_within": 0.6273110596076209,
      "obs_between": 0.6123679961295025,
      "obs_effect": -0.014943063478118357,
      "null_mean": -0.00038717190290160056,
      "null_std": 0.026992447378006594,
      "p_value": 0.67,
      "n_present": 31,
      "n_absent": 9,
      "effect_z": -0.5392579402443097
    },
    "flower_petals_few": {
      "obs_within": 0.6197038803513597,
      "obs_between": 0.6197597457551366,
      "obs_effect": 5.586540377688909e-05,
      "null_mean": -0.0009607504198969781,
      "null_std": 0.023620691255024164,
      "p_value": 0.443,
      "n_present": 16,
      "n_absent": 24,
      "effect_z": 0.043039207138259816
    },
    "flower_petals_many": {
      "obs_within": 0.6488058884898175,
      "obs_between": 0.6435739322221705,
      "obs_effect": -0.005231956267646942,
      "null_mean": -3.2240822207175725e-06,
      "null_std": 0.03194517973966647,
      "p_value": 0.515,
      "n_present": 8,
      "n_absent": 32,
      "effect_z": -0.16367828348555774
    },
    "stem_branching": {
      "obs_within": 0.6174052873500285,
      "obs_between": 0.6241363252989128,
      "obs_effect": 0.0067310379488843,
      "null_mean": -0.00015118349055463033,
      "null_std": 0.02587668908411471,
      "p_value": 0.364,
      "n_present": 30,
      "n_absent": 10,
      "effect_z": 0.26596221089443073
    },
    "stem_single": {
      "obs_within": 0.6127193830569317,
      "obs_between": 0.6241363252989128,
      "obs_effect": 0.011416942241981087,
      "null_mean": -0.0005903974141174848,
      "null_std": 0.02853613306367049,
      "p_value": 0.283,
      "n_present": 10,
      "n_absent": 30,
      "effect_z": 0.4207766914076099
    },
    "plant_tall": {
      "obs_within": 0.6164757471747659,
      "obs_between": 0.6272969028366161,
      "obs_effect": 0.010821155661850157,
      "null_mean": -0.0013825487895814232,
      "null_std": 0.03213349056375682,
      "p_value": 0.314,
      "n_present": 35,
      "n_absent": 5,
      "effect_z": 0.37978147525610145
    },
    "plant_rosette": {
      "obs_within": 0.5943623132365293,
      "obs_between": 0.5945998231210357,
      "obs_effect": 0.00023750988450632615,
      "null_mean": -0.0004969600064770156,
      "null_std": 0.04517556671627214,
      "p_value": 0.44,
      "n_present": 5,
      "n_absent": 35,
      "effect_z": 0.01625812235176205
    },
    "has_fruit_seed": {
      "obs_within": 0.6617575396495275,
      "obs_between": 0.603348537974527,
      "obs_effect": -0.058409001675000516,
      "null_mean": -0.0008270578412553921,
      "null_std": 0.056227113417149,
      "p_value": 0.863,
      "n_present": 4,
      "n_absent": 36,
      "effect_z": -1.0240956779435686
    }
  },
  "mantel_test": {
    "obs_r": 0.038941344439131914,
    "null_mean": 0.0025641140624055943,
    "null_std": 0.06327565325492593,
    "p_value": 0.266,
    "effect_z": 0.5749009058850673
  },
  "n_pages": 40,
  "n_row_signatures": 390,
  "pages_used": [
    "f10v",
    "f13r",
    "f14v",
    "f16r",
    "f17v",
    "f19r",
    "f1v",
    "f20v",
    "f22r",
    "f23v",
    "f25r",
    "f26v",
    "f28r",
    "f29v",
    "f31r",
    "f32v",
    "f34r",
    "f35v",
    "f37r",
    "f38v",
    "f3r",
    "f40r",
    "f41v",
    "f43r",
    "f44v",
    "f46r",
    "f47v",
    "f49r",
    "f4v",
    "f50v",
    "f52r",
    "f53v",
    "f55r",
    "f56v",
    "f65v",
    "f6r",
    "f7v",
    "f87v",
    "f94r",
    "f9r"
  ]
}